

登录密码 123456

用户 root

![image-20210801171554252](C:\Users\inui\AppData\Roaming\Typora\typora-user-images\image-20210801171554252.png)



卸载需要同时删除注册表和环境变量





#### 常见sql 操作命令

1.启动和关闭

```
net start mysql
net stop mysql
```



2.登录

```sql
mysql -u root -p 
mysql -u root -p123456


注意必须在bin文件夹内用管理员身份启动
D:\MYSQL\mysql-5.7.27-winx64\bin>mysql -u root -p
Enter password: ******
```







3.退出 mysql

```
exit

或者 ctrl z
```



4.查看有哪些数据库

```
show databases; 
注意分号结尾为英文
```

![image-20210801170723173](C:\Users\inui\AppData\Roaming\Typora\typora-user-images\image-20210801170723173.png)

5.选择使用某个数据库

```
use 数据库名称
表示正在使用某个数据库
```

![image-20210801170849654](C:\Users\inui\AppData\Roaming\Typora\typora-user-images\image-20210801170849654.png)

6.创建数据库

```
create database 数据库名称;
```

7.查看某一个数据库下有哪些表

```
show tables; 
```

8.外部sql 数据文件的导入 (导入本地某个对应数据库)

```
source 然后拉动对应sql文件到cmd窗口
```

9.查看某个表的数据

```
select * from 表格名称;  注意 分号结尾   // 统一执行该sql语句

// 注意必须要有空格
// 必须要有分号
```



@10.输入错误命名后不执行

```
输入\c 终止执行
返回到mysql
很重要
```

![image-20210801175532621](C:\Users\inui\AppData\Roaming\Typora\typora-user-images\image-20210801175532621.png)

注意: mysql  ==不见分号不执行==,可以继续往下写,分号表示结束



11.查看表的结构

```
desc 表名;
descript 缩写
```

12.查看数据库版本号

```
 select version();
 
 mysql> select version();
+-----------+
| version() |
+-----------+
| 5.7.27    |
+-----------+
1 row in set (0.00 sec)
```

13.查看当前正在使用的是那个数据库

```
select database();

mysql> select database();

+-------------+
| database()  |
+-------------+
| bjpowernode |
+-------------+
1 row in set (0.00 sec)
```



![image-20210801171537442](C:\Users\inui\AppData\Roaming\Typora\typora-user-images\image-20210801171537442.png)

#### 关于sql语句的分类

​	DQL / DML / DDL / TCL / DCL

​	

#DQL 数据查询语言 (凡是带有select 关键字的都是查询语句)
			select...

#DML 数据操作语言 (凡是对表中数据进行增删改的都是DML)

insert 插

update 改

delete 删

主要操作表中的数据data



#DDL 数据定义语言

该语句会造成表结构的变化,增加新列或者减少

create 新建 增

drop 删

alter 修改



#TCL 事务控制语言

​	事务提交 事务回滚  

commit rollback



#DCL 事务控制语言 

授权 grant 撤销 revoke

## ==单表查询==

### 2.查询

#### #简单查询语句

1.查询一个字段

```sql
select 字段名 from 表名;

mysql> select DNAME from dept;
+------------+
| DNAME      |
+------------+
| ACCOUNTING |
| RESEARCH   |
| SALES      |
| OPERATIONS |
+------------+
4 rows in set (0.00 sec)
```

2.查询同一个表单中的 两个字段,或者多个字段

使用逗号间隔开

```
select 字段名,字段名,字段名... from 表单名;


mysql> select deptno,dname from dept;
+--------+------------+
| deptno | dname      |
+--------+------------+
|     10 | ACCOUNTING |
|     20 | RESEARCH   |
|     30 | SALES      |
|     40 | OPERATIONS |
+--------+------------+
4 rows in set (0.00 sec)

```

13.查询所有字段

```
方法一 : 所有字段都写上
方法二 : 使用*
select * from 表单名 
 效率低,可读性差,实际开发不建议(想在dos 中快速查看全表数据可以用*,实际还是方法1)
```

14.查询的列起别名

```sql


使用 as 关键字起别名

select deptno,dname as deptname from dept;

mysql> select deptno,dname as deptname, from dept;
+--------+------------+
| deptno | deptname   |
+--------+------------+
|     10 | ACCOUNTING |
|     20 | RESEARCH   |
|     30 | SALES      |
|     40 | OPERATIONS |
+--------+------------+
只是将显示的查询结果列名显示为deptname,实际的表数据和列不会有任何变化,select语句是不会改变实际数据的,因为之负责查询


@1.as 关键字可以省略,注意不要加逗号,否则会被视作查询
select deptno,dname deptname from dept;

@2.假设别名中含有空格?
select deptno,dname dept name from dept;
DBMS看到该语句,在进行SQL编译的时候,不符合语法会报错
解决方式为:将别名用引号空起来
select deptno,dname 'dept name' from dept;
@3.注意字符串统一使用单引号括起来
```



15.查询的数据做预处理(比如显示某种运算后的结果)

比如查询员工年薪 = sal * 12

```sql
 select SAL*12,sal from emp;
 
 注意:运算符号不要求空格隔开/运算列的表达式仍然算作一列,可以和别的列一起显示
 mysql>   select ename,SAL*12,sal from emp;
+--------+----------+---------+
| ename  | SAL*12   | sal     |
+--------+----------+---------+
| SMITH  |  9600.00 |  800.00 |
| ALLEN  | 19200.00 | 1600.00 |
| WARD   | 15000.00 | 1250.00 |
| JONES  | 35700.00 | 2975.00 |
| MARTIN | 15000.00 | 1250.00 |
| BLAKE  | 34200.00 | 2850.00 |
| CLARK  | 29400.00 | 2450.00 |
| SCOTT  | 36000.00 | 3000.00 |
| KING   | 60000.00 | 5000.00 |
| TURNER | 18000.00 | 1500.00 |
| ADAMS  | 13200.00 | 1100.00 |
| JAMES  | 11400.00 |  950.00 |
| FORD   | 36000.00 | 3000.00 |
| MILLER | 15600.00 | 1300.00 |
+--------+----------+---------+

再修改运算后的列名:
select ename,SAL*12 as yearsal,sal from emp;
修改为对应的列名显示,直接在要修改的列后添加as关键字

要使用中文列必须加单引号'年薪'
select ename,SAL*12 as '年薪',sal from emp;

mysql>  select ename,SAL*12 as yearsal,sal from emp;
+--------+----------+---------+
| ename  | yearsal  | sal     |
+--------+----------+---------+
| SMITH  |  9600.00 |  800.00 |
| ALLEN  | 19200.00 | 1600.00 |
| WARD   | 15000.00 | 1250.00 |
| JONES  | 35700.00 | 2975.00 |
| MARTIN | 15000.00 | 1250.00 |
| BLAKE  | 34200.00 | 2850.00 |
| CLARK  | 29400.00 | 2450.00 |
| SCOTT  | 36000.00 | 3000.00 |
| KING   | 60000.00 | 5000.00 |
| TURNER | 18000.00 | 1500.00 |
| ADAMS  | 13200.00 | 1100.00 |
| JAMES  | 11400.00 |  950.00 |
| FORD   | 36000.00 | 3000.00 |
| MILLER | 15600.00 | 1300.00 |
+--------+----------+---------+
```





#### #条件查询

什么是条件查询 ?

不是查询表中所有的数据,而是查询符合条件的数据

```sql
select
	字段,字段,字段...
from 
	表名
where
	条件;
	
注意;结尾
```

![image-20210801212232884](C:\Users\inui\AppData\Roaming\Typora\typora-user-images\image-20210801212232884.png)

查询条件:

##### @1. = 等于 

比如查询工资等于800 的员工姓名和编号 (数值)

```sql
mysql> select ename,empno from emp where sal=800;

+-------+-------+
| ename | empno |
+-------+-------+
| SMITH |  7369 |
+-------+-------+

```

查询字符串相等

```sql
mysql>  select ename,sal*12 as '年薪',sal from emp where ename='SMITH';
注意字符串一定要用引号包围
+-------+---------+--------+
| ename | 年薪    | sal    |
+-------+---------+--------+
| SMITH | 9600.00 | 800.00 |
+-------+---------+--------+
```



##### @2. !=  <> 不等于

查询工资不等于800 的员工姓名和编号

```sql
mysql> select ename,empno from emp where sal<>800;
小于号和大于号组成的,小于800大于800 就是不等于800
mysql> select ename,empno from emp where sal!=800;
+--------+-------+
| ename  | empno |
+--------+-------+
| ALLEN  |  7499 |
| WARD   |  7521 |
| JONES  |  7566 |
| MARTIN |  7654 |
| BLAKE  |  7698 |
| CLARK  |  7782 |
| SCOTT  |  7788 |
| KING   |  7839 |
| TURNER |  7844 |
| ADAMS  |  7876 |
| JAMES  |  7900 |
| FORD   |  7902 |
| MILLER |  7934 |
+--------+-------+
```



##### @3. <= 小于等于 // >= 大于等于

查询薪资小于等于2000

```sql
mysql> select ename,sal*12 as '年薪',sal from emp where sal >2000;
+-------+----------+---------+
| ename | 年薪     | sal     |
+-------+----------+---------+
| JONES | 35700.00 | 2975.00 |
| BLAKE | 34200.00 | 2850.00 |
| CLARK | 29400.00 | 2450.00 |
| SCOTT | 36000.00 | 3000.00 |
| KING  | 60000.00 | 5000.00 |
| FORD  | 36000.00 | 3000.00 |
+-------+----------+---------+
6 rows in set (0.00 sec)
```

##### @4. between a and b 查询两者之间的数值 (包括边界值)

查询[2400,3000] 的人,等价于 <= and >=

必须遵循==左小右大==的要求

```sql
mysql> select ename,sal*12 as '年薪',sal from emp where sal between 2400 and 3000;
+-------+----------+---------+
| ename | 年薪     | sal     |
+-------+----------+---------+
| JONES | 35700.00 | 2975.00 |
| BLAKE | 34200.00 | 2850.00 |
| CLARK | 29400.00 | 2450.00 |
| SCOTT | 36000.00 | 3000.00 |
| FORD  | 36000.00 | 3000.00 |
+-------+----------+---------+
```



##### @5.数值为null的查询/不为null的查询

查询那些员工的补助为null(也就是未统计/计算数据的查询)

```sql
mysql> select ename,empno,comm from emp where comm is null;
//注意要用is 而不是等号
+--------+-------+------+
| ename  | empno | comm |
+--------+-------+------+
| SMITH  |  7369 | NULL |
| JONES  |  7566 | NULL |
| BLAKE  |  7698 | NULL |
| CLARK  |  7782 | NULL |
| SCOTT  |  7788 | NULL |
| KING   |  7839 | NULL |
| ADAMS  |  7876 | NULL |
| JAMES  |  7900 | NULL |
| FORD   |  7902 | NULL |
| MILLER |  7934 | NULL |
```



不为null is not null (后面加not)

```sql
mysql> select ename,empno,comm from emp where comm is not null;
+--------+-------+---------+
| ename  | empno | comm    |
+--------+-------+---------+
| ALLEN  |  7499 |  300.00 |
| WARD   |  7521 |  500.00 |
| MARTIN |  7654 | 1400.00 |
| TURNER |  7844 |    0.00 |
+--------+-------+---------+
```

原因:

在数据库中null不能用等号衡量,必须使用is null ,因为它代表什么也没有,也就没有数据,不能用等号

##### @6. and  并要求查询(需要同时满足多个条件)

查询工作岗位是manager并且工资大于250的员工信息

```sql
mysql> select ename,empno,sal from emp where job='manager' and sal>=2500;
+-------+-------+---------+
| ename | empno | sal     |
+-------+-------+---------+
| JONES |  7566 | 2975.00 |
| BLAKE |  7698 | 2850.00 |
+-------+-------+---------+
```

##### @7. or 或查询(满足一个要求即可)

查询工资岗位为manager 和 salesman 的sal 为多少 

```sql
mysql> select ename,empno,sal,job from emp where job='manger' or job ='salesman';
+--------+-------+---------+----------+
| ename  | empno | sal     | job      |
+--------+-------+---------+----------+
| ALLEN  |  7499 | 1600.00 | SALESMAN |
| WARD   |  7521 | 1250.00 | SALESMAN |
| MARTIN |  7654 | 1250.00 | SALESMAN |
| TURNER |  7844 | 1500.00 | SALESMAN |
+--------+-------+---------+----------+

两个以上就再加or 
```

and和 or 同时出现的优先级问题

and有限级大于or,会先执行and

工资大于2500 并且部门编号为10 或者 20 的员工

```sql
mysql> select ename,empno,sal,job,deptno from emp  where sal>2500 and (deptno = 10 or deptno =20);
也就是加括号解决优先级问题
+-------+-------+---------+-----------+--------+
| ename | empno | sal     | job       | deptno |
+-------+-------+---------+-----------+--------+
| JONES |  7566 | 2975.00 | MANAGER   |     20 |
| SCOTT |  7788 | 3000.00 | ANALYST   |     20 |
| KING  |  7839 | 5000.00 | PRESIDENT |     10 |
| FORD  |  7902 | 3000.00 | ANALYST   |     20 |
+-------+-------+---------+-----------+--------+
```

##### @8. in 和 not in

查询工资是manager或者salesman的员工

字段 in (具体值,具体值...); 

sal in (800,5000); 它是or 的扩大

```sql
mysql> select ename,job,empno from emp where job='manager' or job ='salesman';

mysql> select ename,job,empno from emp where job in ('manager','salesman');
在 In 后面枚举要查询的数据值
+--------+----------+-------+
| ename  | job      | empno |
+--------+----------+-------+
| ALLEN  | SALESMAN |  7499 |
| WARD   | SALESMAN |  7521 |
| JONES  | MANAGER  |  7566 |
| MARTIN | SALESMAN |  7654 |
| BLAKE  | MANAGER  |  7698 |
| CLARK  | MANAGER  |  7782 |
| TURNER | SALESMAN |  7844 |
+--------+----------+-------+
```

```sql
not in 
取反
mysql> select ename,sal,empno from emp where sal not in (800,5000);
+--------+---------+-------+
| ename  | sal     | empno |
+--------+---------+-------+
| ALLEN  | 1600.00 |  7499 |
| WARD   | 1250.00 |  7521 |
| JONES  | 2975.00 |  7566 |
| MARTIN | 1250.00 |  7654 |
| BLAKE  | 2850.00 |  7698 |
| CLARK  | 2450.00 |  7782 |
| SCOTT  | 3000.00 |  7788 |
| TURNER | 1500.00 |  7844 |
| ADAMS  | 1100.00 |  7876 |
| JAMES  |  950.00 |  7900 |
| FORD   | 3000.00 |  7902 |
| MILLER | 1300.00 |  7934 |
+--------+---------+-------+
```

#### #模糊查询 like

where 字段名 like '模糊条件'

支持%或者_匹配

%表示任意多个字符

_表示任意一个字符(只有一个)

##### @1.找出名字中含有 o 字母的 %o%

```sql
mysql> select ename from emp where ename like '%o%';
注意:字符串必须加引号包围!!!!! // 查找到的数据可以不止包含一个o 
+-------+
| ename |
+-------+
| JONES |
| SCOOTT |
| FORD  |
+-------+
```

&找出以t 结尾的  '%t'

```sql
mysql> select ename from emp where ename like '%t';
+-------+
| ename |
+-------+
| SCOTT |
+-------+
```

&找出以k开头的 'k%'

```sql
mysql> select ename from emp where ename like 'k%';
+-------+
| ename |
+-------+
| KING  |
+-------+
```

不区分大小写



##### @2.&找出第二个字母是a  '_a%'

```sql
mysql> select ename from emp where ename like '_a%';
+--------+
| ename  |
+--------+
| WARD   |
| MARTIN |
| JAMES  |
+--------+

第三子母是r  "__r%"
所有姓张的 '张%'
找出名字中有下划线的"_" 使用转义字符\
'%\_%'
```



### 3.排序

##### @1.查询后按照某一个字段数据进行排序

查询所有员工薪资后 进行排序?

order by 字段;  默认是升序(小->大) 关键字 asc

降序则加关键字desc

order by 字段 desc;

```sql
mysql> select
    -> ename,sal
    -> from
    -> emp
    -> order by
    -> sal;
+--------+---------+
| ename  | sal     |
+--------+---------+
| SMITH  |  800.00 |
| JAMES  |  950.00 |
| ADAMS  | 1100.00 |
| WARD   | 1250.00 |
| MARTIN | 1250.00 |
| MILLER | 1300.00 |
| TURNER | 1500.00 |
| ALLEN  | 1600.00 |
| CLARK  | 2450.00 |
| BLAKE  | 2850.00 |
| JONES  | 2975.00 |
| SCOTT  | 3000.00 |
| FORD   | 3000.00 |
| KING   | 5000.00 |
+--------+---------+
```

##### @2.按照多个字段排序

先按照薪资排

​		/如果薪资一样则按照名字的升序排

```sql
mysql> select ename,sal from emp order by sal asc, ename asc;
排序方式有优先级,按照前面的起主导
+--------+---------+
| ename  | sal     |
+--------+---------+
| SMITH  |  800.00 |
| JAMES  |  950.00 |
| ADAMS  | 1100.00 |
| MARTIN | 1250.00 |
| WARD   | 1250.00 |
| MILLER | 1300.00 |
| TURNER | 1500.00 |
| ALLEN  | 1600.00 |
| CLARK  | 2450.00 |
| BLAKE  | 2850.00 |
| JONES  | 2975.00 |
| FORD   | 3000.00 |
| SCOTT  | 3000.00 |
| KING   | 5000.00 |
+--------+---------+
```

##### @3.根据字段位置排序

比如按照查询结果的第几列排序(第二列)

```sql
mysql> select ename,sal from emp order by 2; 
不建议在开发中这么写,因为不健壮,可读性也差,列的顺序很容易发生变化
+--------+---------+
| ename  | sal     |
+--------+---------+
| SMITH  |  800.00 |
| JAMES  |  950.00 |
| ADAMS  | 1100.00 |
| WARD   | 1250.00 |
| MARTIN | 1250.00 |
| MILLER | 1300.00 |
| TURNER | 1500.00 |
| ALLEN  | 1600.00 |
| CLARK  | 2450.00 |
| BLAKE  | 2850.00 |
| JONES  | 2975.00 |
| SCOTT  | 3000.00 |
| FORD   | 3000.00 |
| KING   | 5000.00 |
+--------+---------+
```

##### @4.关键字顺序不能变化

```sql
select
...
from
...
where
...
order by
...

语句的执行顺序是
from 
where
select
order by 排序总是在最后执行
```

### 4.数据处理函数/单行处理函数

> 特点:一个输入对应一个输出,对行内的数据函数是一个一个处理的,处理后输出该行新的数据(有点像换成一个新行)
>
> 和他相对的是多行处理函数(多行是多个输入对应一个输出,对数据是几个一起处理的)

#### 1.常见的单行处理函数

##### @1.lower 转换列数据为小写 

lower(字段名),将该子段数据全部转换为小写

```sql
mysql> select lower(ename) as ename from emp;

+--------+
| ename  |
+--------+
| smith  |
| allen  |
| ward   |
| jones  |
| martin |
| blake  |
| clark  |
| scott  |
| king   |
| turner |
| adams  |
| james  |
| ford   |
| miller |
```



##### @2.转换大写 upper

upper(字段)

```sql
mysql> select upper(ename) as ename from emp;
```

##### @3.substr 取子串

substr(被截取的字符串,起始下标,一共截取的长度);

注意,起始下标从1开始,而不是0!!!,也就是第一个字符是1

```sql
select ename from emp where substr(ename,1,1) = 'a'; 


mysql> select substr(ename,2) from emp; 如果不写截取长度就默认截取剩余所有内容
+-----------------+
| substr(ename,2) |
+-----------------+
| MITH            |
| LLEN            |
| ARD             |
| ONES            |
| ARTIN           |
| LAKE            |
| LARK            |
| COTT            |
| ING             |
| URNER           |
| DAMS            |
| AMES            |
| ORD             |
| ILLER           |
+-----------------+
```

##### @4.length 取字符串长度

length(ename)

```sql
mysql> select length(ename) from emp;
+---------------+
| length(ename) |
+---------------+
|             5 |
|             5 |
|             4 |
|             5 |
|             6 |
|             5 |
|             5 |
|             5 |
|             4 |
|             6 |
|             5 |
|             5 |
|             4 |
|             6 |
+---------------+
```



##### @5.contac(a,b)字符串拼接

```
select concat(ename,empno) from emp;
```



##### @6.trim() 去除前后空白

````sql
select * from emp where ename ='  king '; 多写了空格
select * from emp where ename =trim('  king '); trim 去除了字符串前后的空白,从而可以查询到
````

##### @7.round()四舍五入

select 'abc' from emp;  直接更'字面量'的话,会直接生成对应字面量值列,数值也是字面值

 ```sql
 mysql> select 1000 from emp;
 +------+
 | 1000 |
 +------+
 | 1000 |
 | 1000 |
 | 1000 |
 | 1000 |
 | 1000 |
 | 1000 |
 | 1000 |
 | 1000 |
 | 1000 |
 | 1000 |
 | 1000 |
 | 1000 |
 | 1000 |
 | 1000 |
 +------+
 
 select 后面可以跟  字段名(等同变量名)
 				  字面值(等同数据)
 ```

round(数值字段名,保留小数位数); 按照四舍五入规则保留

```sql
select round(sal,3) from emp;  如果为0 就不保留小数,如果为负数就按十位百位这样保留
保留三位小数
mysql> select round(sal,3) from emp;
+--------------+
| round(sal,3) |
+--------------+
|      800.000 |
|     1600.000 |
|     1250.000 |
|     2975.000 |
|     1250.000 |
|     2850.000 |
|     2450.000 |
|     3000.000 |
|     5000.000 |
|     1500.000 |
|     1100.000 |
|      950.000 |
|     3000.000 |
|     1300.000 |
+--------------+
```

##### @8.rand() 生成随机数

round(rand()*100,0) 生成100 以内随机数

```sql
mysql> select rand() from emp;
+---------------------+
| rand()              |
+---------------------+
|   0.949856175063044 |
| 0.37822765054016155 |
| 0.04156975824532077 |
| 0.07316587033976416 |
|  0.2411201076965035 |
|    0.98610295819687 |
| 0.20715449862848456 |
| 0.07746364928545771 |
|  0.7658547812754799 |
|  0.5968829892546711 |
|  0.6868506331805612 |
|  0.6436042288724373 |
|  0.1574692755541478 |
|  0.8565337218870723 |
+---------------------+
```

##### @9.ifnull 空处理函数

专门处理null的

```
只要null参与运算,最后的结果还是null,为了避免这个现象需要使用ifnull 处理
```

```sql
select ename,sal + comm from emp;
如果数据为null,ifnull 把其转换为某个实际数据处理

select ename,(sal + ifnull(comm,0)) as yearsal from emp;

mysql> select ename,(sal + ifnull(comm,0)) as yearsal from emp;
+--------+---------+
| ename  | yearsal |
+--------+---------+
| SMITH  |  800.00 |
| ALLEN  | 1900.00 |
| WARD   | 1750.00 |
| JONES  | 2975.00 |
| MARTIN | 2650.00 |
| BLAKE  | 2850.00 |
| CLARK  | 2450.00 |
| SCOTT  | 3000.00 |
| KING   | 5000.00 |
| TURNER | 1500.00 |
| ADAMS  | 1100.00 |
| JAMES  |  950.00 |
| FORD   | 3000.00 |
| MILLER | 1300.00 |
+--------+---------+
```

##### @10.case when then when then else end  条件处理

/不修改数据库,只是将查询结果条件处理后显示

case 字段名 开头

​	when 条件 then 结果

end 结尾

![image-20210802151839153](C:\Users\inui\AppData\Roaming\Typora\typora-user-images\image-20210802151839153.png)

```sql
select 
	ename,
	job,
	(case job when 'manager' then sal*1.1 when 'salsman' then sal*1.5 else sal end) as newsal 
from 
	emp;
+--------+-----------+---------+
| ename  | job       | newsal  |
+--------+-----------+---------+
| SMITH  | CLERK     |  800.00 |
| ALLEN  | SALESMAN  | 1600.00 |
| WARD   | SALESMAN  | 1250.00 |
| JONES  | MANAGER   | 3272.50 |
| MARTIN | SALESMAN  | 1250.00 |
| BLAKE  | MANAGER   | 3135.00 |
| CLARK  | MANAGER   | 2695.00 |
| SCOTT  | ANALYST   | 3000.00 |
| KING   | PRESIDENT | 5000.00 |
| TURNER | SALESMAN  | 1500.00 |
| ADAMS  | CLERK     | 1100.00 |
| JAMES  | CLERK     |  950.00 |
| FORD   | ANALYST   | 3000.00 |
| MILLER | CLERK     | 1300.00 |
+--------+-----------+---------+
```





![image-20210802150230092](C:\Users\inui\AppData\Roaming\Typora\typora-user-images\image-20210802150230092.png)



### 5.分组函数/多行处理函数

一共五个,分组函数在使用前必须先分组,然后才能使用

没有分组整张表默认为一组

#### 1.类型

##### @1.count 计数

```
mysql>  select count(sal) from emp;
+------------+
| count(sal) |
+------------+
|         14 |
+------------+
```



##### @2.sum 求和

```
mysql>  select sum(sal) from emp;
+----------+
| sum(sal) |
+----------+
| 29025.00 |
+----------+
```



##### @3.avg 平均

```
mysql>   select avg(sal) from emp;
+-------------+
| avg(sal)    |
+-------------+
| 2073.214286 |
+-------------+
```



##### @4.max 最大

```
mysql> select max(sal) from emp;
+----------+
| max(sal) |
+----------+
|  5000.00 |
+----------+
```



##### @5.min 最小

```
mysql> select min(sal) from emp;
+----------+
| min(sal) |
+----------+
|   800.00 |
+----------+
```

#### 2.注意事项

#分组函数自动忽略null,不需要提前进行处理

#分组函数中count(*)  和count(具体字段)的区别

​	count(*) 统计表当中高度总行数

​	count(字段)统计不为null的数据个数

#分组函数不能直接使用在where子句中

需要分组查询解决(group by)

#所有的分组函数可以一起组合起来用

avg(comn),count(comn) from ...

### 6.分组查询

>在实际的运用中,可能需要进行分组,然后再分别对每组数据进行操作,这个时候就要进行分组查询(分组处理)

例如,计算每个部门或者每个工作岗位的平均工资值



1.语句书写顺序

```sql
select

​	...

from

​	...

where

​	...

group by

​	...

order by

​	...
```

执行顺序

```
from
where
group by 
select 
order by
```



注意: 必须先分组,分组之后where才能使用分组函数(5),分组函数只有先分组才能使用

#### 2.

##### @1.找出每个工作岗位的工资和

```sql
先从emp中查询数据,然后对job字段进行分组,最后再对每一组的数据进行sum
结果上表现为行数减少,每一组变为一个新行

mysql> select job,sum(sal) from emp group by job;
+-----------+----------+
| job       | sum(sal) |
+-----------+----------+
| ANALYST   |  6000.00 |
| CLERK     |  4150.00 |
| MANAGER   |  8275.00 |
| PRESIDENT |  5000.00 |
| SALESMAN  |  5600.00 |
+-----------+----------+

注意分组字段必须要和group 匹配,只能用参加分组的字段和分站函数,其他一律没有意义
```

##### @2.找出每个部门的最高薪资

```sql
mysql> select deptno,max(sal) from emp group by deptno;
+--------+----------+
| deptno | max(sal) |
+--------+----------+
|     10 |  5000.00 |
|     20 |  3000.00 |
|     30 |  2850.00 |
+--------+----------+
```

##### @3.找出每个部门不同工作岗位的最高薪资 (多个字段的分组,或者多级分组)

两个字段联合成一个字段看 (两个字段联合分组) 

group by 字段a, 字段b;

```sql
mysql>  select deptno,job,max(sal) from emp group by deptno,job;
+--------+-----------+----------+
| deptno | job       | max(sal) |
+--------+-----------+----------+
|     10 | CLERK     |  1300.00 |
|     10 | MANAGER   |  2450.00 |
|     10 | PRESIDENT |  5000.00 |
|     20 | ANALYST   |  3000.00 |
|     20 | CLERK     |  1100.00 |
|     20 | MANAGER   |  2975.00 |
|     30 | CLERK     |   950.00 |
|     30 | MANAGER   |  2850.00 |
|     30 | SALESMAN  |  1600.00 |
+--------+-----------+----------+
```

@4.找出每个部门最高薪资,显示最高薪资大于3000的

```sql
方法一,使用having,先分组后过滤 
 select 
 	deptno,max(sal) 
 from 
 	emp 
 group by 
 	deptno;
 having
 	max(sal)>3000;
 	
 方法二,使用 先过滤后分组
 直接先过滤大于3000 的,之后再进行分组
 select 
 	deptno,max(sal) 
 from 
 	emp 
 where
 	sal>3000  // 先筛选了大于3000 的
 group by 
 	deptno; 
 	
 	能用where过滤的优先使用where
 
 mysql> select deptno,max(sal) from emp where sal > 3000 group by deptno;
+--------+----------+
| deptno | max(sal) |
+--------+----------+
|     10 |  5000.00 |
+--------+----------+
```

注意:当过滤条件包含分组函数时,就只能用having过滤了,因为where后面使用不了分组函数

```sql
求每部门的平均薪资,而且大于2500
mysql> select deptno,avg(sal) from emp group by deptno having avg(sal) >2500;
+--------+-------------+
| deptno | avg(sal)    |
+--------+-------------+
|     10 | 2916.666667 |
+--------+-------------+
```



